{"MMM": -0.03662054191208646, "AOS": -0.0229488348780178, "ABT": -0.06775535535348452, "ABBV": -0.06564407487322427, "ACN": 0.08593542758031093, "ATVI": 0.00419529386843456, "ADM": -0.04578570119566338, "ADBE": 0.1678422657311832, "ADP": -0.008989098741128333, "AAP": -0.08738292723163188, "AES": -0.10669344953920781, "AFL": -0.024810025230594286, "A": -0.06286331016384634, "APD": -0.01993945966620903, "AKAM": 0.051341520829712876, "ALK": 0.03902435434766391, "ALB": 0.0011765551581011421, "ARE": -0.08088038997081007, "ALGN": -0.04166222895186523, "ALLE": -0.021288504311676514, "LNT": -0.05944670799941324, "ALL": -0.07669133223314394, "GOOGL": 0.0650027961997154, "GOOG": 0.0675277142636953, "MO": -0.02129569042684589, "AMZN": 0.0741820299461515, "AMCR": -0.05822264525487604, "AMD": 0.23325196833936374, "AEE": -0.05311379341125196, "AAL": 0.004878093842347738, "AEP": -0.09531910441204407, "AXP": 0.046044296872520894, "AIG": 0.028296630070877033, "AMT": -0.07289501905799212, "AWK": -0.02857932979819279, "AMP": 0.03318995116476787, "ABC": -0.029273751965902074, "AME": 0.012683881172103945, "AMGN": -0.07652241121090907, "APH": 0.011356255575652303, "ADI": -0.044411694284847446, "ANSS": 0.06399499947401606, "AON": -0.0765120159213598, "APA": 0.014067681019146447, "AAPL": 0.01915285579343445, "AMAT": 0.10987797454431104, "APTV": -0.008683415560702547, "ACGL": -0.057746457381987235, "ANET": 0.19002060003629503, "AJG": -0.06878958068987906, "AIZ": -0.047122975960375575, "T": -0.09354843631867439, "ATO": -0.03421283635934677, "ADSK": 0.010004978860937883, "AZO": -0.0998622338084544, "AVB": -0.04035409134677454, "AVY": -0.06332448909694598, "AXON": -0.04370353632128005, "BKR": 0.0, "BALL": -0.0512915489889422, "BAC": 0.02331331189907316, "BBWI": 0.08864192225173238, "BAX": -0.037054946606249896, "BDX": -0.041307261594072664, "WRB": -0.051113069526133766, "BBY": 0.02192929964561756, "BIO": -0.007255936675461741, "TECH": 0.02898201399934506, "BIIB": -0.0442308688578981, "BLK": 0.040978712320685964, "BK": 0.0019616973700851393, "BA": 0.00422334916136984, "BKNG": -0.02120317700448156, "BWA": 0.05575572091392289, "BXP": -0.02869708595973313, "BSX": -0.05131215944806577, "BMY": -0.06816042768602328, "AVGO": 0.21277668700746363, "BR": -0.032421994934477685, "BRO": -0.04771757381366523, "BG": 0.024496342664171538, "CHRW": -0.025425422434502697, "CDNS": 0.11395788579598747, "CZR": -0.05432970386546925, "CPT": -0.04734409406885044, "CPB": -0.035333014343365866, "COF": 0.13349534206355654, "CAH": -0.030061545439154867, "KMX": 0.010761677325678395, "CCL": 0.08599284896427839, "CARR": -0.04695529499393044, "CTLT": 0.10587285609537155, "CAT": 0.002407978084402427, "CBOE": -0.0392464665644091, "CBRE": 0.01865814527469707, "CDW": 0.01612901813170134, "CE": 0.020480329414846312, "CNC": -0.0715879747509864, "CNP": -0.04128440613953581, "CDAY": 0.04479998779296875, "CF": -0.07064443196819568, "CRL": 0.0090665286992896, "SCHW": 0.0508663990194799, "CHTR": -0.039333808431112796, "CVX": -0.02024918925305119, "CMG": 0.011540218920467981, "CB": -0.05239626969197779, "CHD": -0.02287965837979819, "CI": -0.05694384903288285, "CINF": -0.057872278875787914, "CTAS": -0.0007253719427486798, "CSCO": 0.055355036150109026, "C": -0.032511228980889054, "CFG": 0.04590891375825426, "CLX": -0.05003461497956767, "CME": -0.04358406649712456, "CMS": -0.0637478686798114, "KO": -0.061068709055386354, "CTSH": 0.0019084405938867171, "CL": -0.06390241182372965, "CMCSA": -0.01823711319785747, "CMA": 0.12028731057984081, "CAG": -0.04879451077766939, "COP": 0.015316618379627441, "ED": -0.06246629369966279, "STZ": 0.010949858288782668, "CEG": 0.04269531182113969, "COO": -0.05403500545101309, "CPRT": 0.07123343994634074, "GLW": 0.01046621999744598, "CTVA": -0.04948347738880817, "CSGP": 0.03197852688430935, "COST": 0.01029058297561241, "CTRA": -0.05445543346898013, "CCI": -0.0191481688327088, "CSX": -0.03894835690981782, "CMI": -0.028734013487064582, "CVS": -0.017888809807674738, "DHI": -0.028957023650980258, "DHR": 0.022694992119589055, "DRI": 0.05822172284672542, "DVA": -0.027365314642125715, "DE": -0.03639315895685087, "DAL": 0.06046247438976535, "XRAY": -0.10768397296601596, "DVN": 0.007489091171979442, "DXCM": -0.03963491905812756, "FANG": 0.015497356242212035, "DLR": 0.0051572670581273615, "DFS": 0.051973423828665086, "DISH": 0.01351346513704558, "DIS": -0.05176123737043142, "DG": -0.06309111066572212, "DLTR": -0.11723409832230441, "D": -0.09847572778394094, "DPZ": -0.026748557150460327, "DOV": -0.018536149511413635, "DOW": -0.03814060713399916, "DTE": -0.05858602702672308, "DUK": -0.08602035113106853, "DD": 0.029289878287453698, "DXC": 0.05737374045632102, "EMN": 0.014143327155503411, "ETN": 0.06872743660799624, "EBAY": -0.017357990242768156, "ECL": -0.04098014611357527, "EIX": -0.10071614942826038, "EW": -0.08425796674454833, "EA": 0.01545746582566834, "ELV": -0.01493635857663759, "LLY": -0.0204795815911757, "EMR": -0.04540310040699379, "ENPH": -0.021247032872069, "ETR": -0.08925618922789426, "EOG": -0.011078764628404085, "EPAM": 0.0828424935539772, "EQT": 0.026323102214543266, "EFX": 0.02406946486954293, "EQIX": -0.015236899101101136, "EQR": -0.0472836975802129, "ESS": -0.01744461490525016, "EL": -0.034715078765924653, "ETSY": -0.14404302432664548, "RE": -0.09481232552385778, "EVRG": -0.07396449821991856, "ES": -0.11864890969302934, "EXC": -0.03478037453955373, "EXPE": 0.04276071803253947, "EXPD": 0.024413467601691847, "EXR": -0.038477277385689984, "XOM": -0.0009526385915804977, "FFIV": 0.05573545665942681, "FDS": -0.01953968769999565, "FICO": 0.0448194596998497, "FAST": 0.017041309450857176, "FRT": -0.05616815445414336, "FDX": 0.007718027100808216, "FITB": 0.04117184901440441, "FSLR": -0.09823061726591273, "FE": -0.057205184995676124, "FIS": -0.019647442394638073, "FISV": -0.05229853874658909, "FLT": 0.01540109563001337, "FMC": -0.06342318328488641, "F": 0.03722082742644245, "FTNT": -0.011657089488850804, "FTV": 0.03170158560238075, "FOXA": 0.012420362878548724, "FOX": 0.021538432846721422, "BEN": 0.004063404266136587, "FCX": -0.039114195928861215, "GRMN": 9.633185066050143e-05, "IT": 0.08200787628387908, "GEHC": 0.04462578077752508, "GEN": 0.040911790646924476, "GNRC": -0.010829073868970189, "GD": -0.02416568435501675, "GE": 0.0072026268167802426, "GIS": -0.07258256816584843, "GM": 0.02763598553142318, "GPC": -0.07130583917270016, "GILD": -0.016733700568270664, "GL": -0.022234929825010366, "GPN": -0.03080926071267107, "GS": 0.02993886373613606, "HAL": 0.03642385277087855, "HIG": -0.02227720985000597, "HAS": -0.03812220621210784, "HCA": -0.04958203233609801, "PEAK": -0.07550083577531766, "HSIC": -0.04391352103490927, "HSY": -0.0494334555875812, "HES": -0.034101402038982105, "HPE": 0.06844851240485327, "HLT": -0.03743933888081879, "HOLX": -0.042262482840378354, "HD": 0.014650063941744075, "HON": -0.0028903099798387095, "HRL": -0.02989336300209823, "HST": -0.00834322907744915, "HWM": -0.023678132857399427, "HPQ": 0.05527155221741776, "HUM": -0.05215463869947185, "HBAN": 0.09125475250702111, "HII": 0.01922596873301257, "IBM": 0.04290479327708808, "IEX": -0.02167291013714388, "IDXX": -0.04465390525949573, "ITW": -0.018660846899036135, "ILMN": -0.045739990513985716, "INCY": -0.057845877457151404, "IR": -0.0006792480207492587, "PODD": -0.176649681984969, "INTC": -0.02758618058829472, "ICE": -0.044693769347363216, "IFF": -0.07794528887825189, "IP": -0.03919003339977908, "IPG": 0.04667192692290184, "INTU": -0.018593310507082066, "ISRG": -0.003747129095324327, "IVZ": -0.02149091252155134, "INVH": -0.020664943217104832, "IQV": 0.04001000676680829, "IRM": -0.03882041704507494, "JBHT": -0.030950777479508352, "JKHY": -0.041666683785215076, "J": 0.0, "JNJ": -0.033689645238852685, "JCI": -0.008726520547982362, "JPM": 0.012487269485765224, "JNPR": 0.039672101130251027, "K": -0.03620518167475079, "KDP": -0.030245169294953828, "KEY": 0.03033368860673587, "KEYS": 0.07937883711849725, "KMB": -0.055392537657470306,