{"MMM": -0.03317870674966735, "AOS": -0.011279892075446671, "ABT": -0.08175052402601972, "ABBV": -0.06153512537701165, "ACN": 0.04993832888860624, "ATVI": -0.002981635451820581, "ADM": -0.022517580103466675, "ADBE": 0.1443911281540578, "ADP": -0.01112172844373256, "AAP": -0.10069877788202901, "AES": -0.10827066490266403, "AFL": -0.023216220180002224, "A": -0.06695121050316526, "APD": -0.02160813239865118, "AKAM": 0.04199413840438225, "ALK": 0.05319143989353342, "ALB": 0.04478708045030289, "ARE": -0.0740873743331311, "ALGN": -0.04866468700467363, "ALLE": -0.03296913273827197, "LNT": -0.0777516118141455, "ALL": -0.06502162429011213, "GOOGL": 0.04834791916425633, "GOOG": 0.05170888929696248, "MO": -0.022386389993075986, "AMZN": 0.04121737272843071, "AMCR": -0.04994900613238807, "AMD": 0.20847525264643635, "AEE": -0.08363192745750865, "AAL": 0.025034746440350954, "AEP": -0.11103034741950757, "AXP": 0.02084994120397177, "AIG": 0.022168379656179803, "AMT": -0.09711873337338599, "AWK": -0.051386503903390064, "AMP": 0.0404331701083674, "ABC": -0.0048187537935132614, "AME": 0.0021272048835665257, "AMGN": -0.07123144374200564, "APH": -0.01568834182327871, "ADI": -0.0474505943705079, "ANSS": 0.028794382796897052, "AON": -0.08027253700424258, "APA": 0.009609600665338206, "AAPL": 0.0024278753431330995, "AMAT": 0.11021694449505888, "APTV": -0.03321818512256995, "ACGL": -0.062448251505667074, "ANET": 0.1124839462785112, "AJG": -0.0699881914661312, "AIZ": -0.03539752497933236, "T": -0.12409248286816897, "ATO": -0.03753052355824768, "ADSK": 0.01574205633116176, "AZO": -0.10948676027797541, "AVB": -0.05696011841113821, "AVY": -0.05213578532181885, "AXON": -0.03887395867775942, "BKR": 0.012142862592424666, "BALL": -0.054606864278814636, "BAC": 0.038338655334790465, "BBWI": 0.09934496316276722, "BAX": -0.027334326655644586, "BDX": -0.04442234373405415, "WRB": -0.05026737560652668, "BBY": -0.00631319564174041, "BIO": 0.001206514639003374, "TECH": 0.0122706176259689, "BIIB": -0.041968165502576114, "BLK": 0.02334530898284599, "BK": 0.005695877566926065, "BA": 0.0008463094194139628, "BKNG": -0.012878392243957698, "BWA": 0.058685445245011666, "BXP": -0.01722688489727645, "BSX": -0.034924315193759825, "BMY": -0.054213137118282094, "AVGO": 0.13398732850506828, "BR": -0.04319369126249206, "BRO": -0.04105246705220766, "BG": 0.035359443830916125, "CHRW": 0.0018105040081564383, "CDNS": 0.10392445659129848, "CZR": -0.030676246286429204, "CPT": -0.0734408138653088, "CPB": -0.05577152735410784, "COF": 0.13590874779734824, "CAH": -0.0008264427077487808, "KMX": -0.0019713746220887418, "CCL": 0.10636364329944957, "CARR": -0.029126231570822864, "CTLT": 0.10900217845273277, "CAT": 0.0020954493302170465, "CBOE": -0.036832218535489195, "CBRE": 0.02494334688720301, "CDW": 0.0023440805081756224, "CE": 0.05147751845224244, "CNC": -0.05896260201443439, "CNP": -0.06334037486487083, "CDAY": 0.06570407652763031, "CF": -0.04181018076145323, "CRL": 0.01872848226135427, "SCHW": 0.09771391754698094, "CHTR": -0.05765498487343549, "CVX": -0.013328141764577889, "CMG": 0.005962339298895572, "CB": -0.05078969578974623, "CHD": -0.036046666205861784, "CI": -0.03845064037875541, "CINF": -0.05157886020143182, "CTAS": -0.021887059192923813, "CSCO": 0.04731796354447083, "C": -0.027583116285997595, "CFG": 0.07635013464744561, "CLX": -0.068144554720694, "CME": -0.04479715560042454, "CMS": -0.07977609141819246, "KO": -0.06124815050960403, "CTSH": 0.00804375806350354, "CL": -0.07514758500896516, "CMCSA": -0.02865180167594903, "CMA": 0.18423066002441446, "CAG": -0.05816298544165199, "COP": 0.022224427986740205, "ED": -0.06758201394406464, "STZ": 0.018910999402045298, "CEG": 0.03504533566016805, "COO": -0.050398452233631354, "CPRT": 0.06769233551460115, "GLW": 0.0016108615636079857, "CTVA": -0.03956248029188938, "CSGP": 0.027734700588079503, "COST": -0.03600867325209948, "CTRA": 0.0012082435254808488, "CCI": -0.03946196526702235, "CSX": -0.029107361458911966, "CMI": -0.02981604610329844, "CVS": -0.013447667899110246, "DHI": -0.016760236282627627, "DHR": 0.013495338040946261, "DRI": 0.07750106080944451, "DVA": 0.014096322031406204, "DE": -0.053821026377134935, "DAL": 0.07048952329408872, "XRAY": -0.10755896063709888, "DVN": 0.007311436848350759, "DXCM": -0.061861934387340514, "FANG": 0.022900763358778626, "DLR": -0.052916907274150236, "DFS": 0.04655580721219182, "DISH": 0.07646180255596152, "DIS": -0.043680491272765486, "DG": -0.07317908674337903, "DLTR": -0.1614224862245496, "D": -0.09438822710149122, "DPZ": -0.010114898431085796, "DOV": -0.026179509349026797, "DOW": -0.03851503836697934, "DTE": -0.060379467365708143, "DUK": -0.0962987694607926, "DD": 0.04148501987335182, "DXC": 0.05534895893898154, "EMN": 0.024057570140002798, "ETN": 0.047301470819667325, "EBAY": -0.02957361180915564, "ECL": -0.044743039075331816, "EIX": -0.12214432220165304, "EW": -0.09222288595928865, "EA": -0.0005582112756974158, "ELV": -0.016397096300631783, "LLY": -0.016662364929131313, "EMR": -0.044292586037550874, "ENPH": -0.01798412284906138, "ETR": -0.10203659786452292, "EOG": -0.0001811290107792148, "EPAM": 0.10437869592952602, "EQT": 0.08331051728400676, "EFX": 0.015352715007994417, "EQIX": -0.045202570853284, "EQR": -0.05599458463098465, "ESS": -0.04109853833761394, "EL": -0.04212447690141992, "ETSY": -0.09799369847250201, "RE": -0.07203776023451607, "EVRG": -0.08696406014084862, "ES": -0.08777873507094605, "EXC": -0.056694552610142265, "EXPE": 0.06618649030890088, "EXPD": 0.011377586447161437, "EXR": -0.05605608316045321, "XOM": -0.0011356720899919042, "FFIV": 0.05029315929365543, "FDS": -0.0345131476733111, "FICO": 0.03665184310155631, "FAST": -0.007730501652684359, "FRT": -0.06389671333987941, "FDX": 0.009552199830206314, "FITB": 0.05708576612295935, "FSLR": -0.15303075359007545, "FE": -0.06591028083570104, "FIS": -0.03359611404914086, "FISV": -0.058860026002567796, "FLT": 0.024826105387226658, "FMC": -0.05497255158838966, "F": -0.025483300433804486, "FTNT": -0.008932536705032856, "FTV": 0.009367330844954237, "FOXA": 0.011264898130270378, "FOX": 0.022475782047562495, "BEN": -0.009480607587237809, "FCX": -0.04044010012360617, "GRMN": -0.0012543154591233322, "IT": 0.08162838856644611, "GEHC": 0.061858282039205494, "GEN": 0.03681715163987808, "GNRC": 0.04242894811009158, "GD": -0.02745290160407315, "GE": 0.026792687955573956, "GIS": -0.07218078712491181, "GM": 0.00030849495773760323, "GPC": -0.07631656015028006, "GILD": -0.0066966726702909814, "GL": -0.015647241096543352, "GPN": -0.031052118094223136, "GS": 0.013523542104420092, "HAL": 0.0563983872587097, "HIG": -0.012672907470505139, "HAS": -0.02461482545141435, "HCA": -0.044606001524665574, "PEAK": -0.08765552730916547, "HSIC": -0.01798079969628751, "HSY": -0.05453560727846217, "HES": -0.028502770183444655, "HPE": 0.05725972380499798, "HLT": -0.011791676135483835, "HOLX": -0.05426053230063604, "HD": -0.012972977230002179, "HON": -0.007021328416956421, "HRL": -0.05230125293446871, "HST": -0.0005977423284794179, "HWM": -0.016181248037428125, "HPQ": 0.0647249198928996, "HUM": -0.05455229840255521, "HBAN": 0.1094050225504619, "HII": 0.014136431303173108, "IBM": 0.030924627108533553, "IEX": -0.033103762113209645, "IDXX": -0.06420557092708654, "ITW": -0.029879692194554133, "ILMN": -0.07786910256432494, "INCY": -0.03833306646025515, "IR": -0.011635952546704534, "PODD": -0.1919510035607698, "INTC": -0.0565693856200251, "ICE": -0.03310813155105568, "IFF": -0.06261182458632275, "IP": -0.03756940854621778, "IPG": 0.01920515306662879, "INTU": -0.03514884725040023, "ISRG": -0.004937946651248979, "IVZ": -0.03537418125923548, "INVH": -0.03373850286241419, "IQV": 0.047045163759020084, "IRM": -0.025693559702818673, "JBHT": -0.029478816459893135, "JKHY": -0.050569753377798614, "J": -0.019840547683748964, "JNJ": -0.041253772204596036, "JCI": -0.016218837629763137, "JPM": 0.011572138915153731, "JNPR": 0.021863425110614034, "K": -0.042396544096563675, "KDP": -0.03549917461072857,