{"AES": 0.02391200400041522, "AMCR": -0.0009930714185598097, "AAL": 0.06479219927082391, "T": -0.031450563126935276, "BAC": -0.045422049332932764, "CCL": 0.19098985946495725, "CNP": -0.0010305317302606784, "CFG": -0.10586882474838655, "CTRA": -0.026337757473126677, "DXC": 0.018276754228981867, "FITB": -0.05187207314220966, "F": 0.04298799680871934, "BEN": -0.027101357379012214, "GEN": 0.01713650985779762, "PEAK": -0.07113609644428844, "HPE": 0.058402887712071756, "HST": -0.08060605598218513, "HPQ": -0.008053747805748954, "HBAN": -0.08632389460964983, "IVZ": 0.006798554281632162, "KEY": -0.14853546655770572, "KIM": -0.0196285901536898, "KMI": -0.050333531547997926, "LNC": 0.02693740742383114, "MRO": -0.0764045286714361, "NWL": -0.08964646859943054, "NWSA": -0.01910831249659583, "NWS": -0.01310272541926932, "NI": -0.00662984558765623, "NCLH": 0.11897277079877222, "OGN": 0.04304158895733614, "PARA": -0.06623792413744758, "PCG": 0.016772753046352208, "PPL": -0.004491049487917567, "RF": -0.08221573637171567, "VFC": -0.03537487103493801, "VTRS": 0.05273629083706887, "WBD": -0.15963608608910237, "WRK": -0.0789282524108589, "ZION": -0.1868742727658543}