{"AES": 0.01664220007386658, "AMCR": -0.014184432112060115, "AAL": 0.0424354566017781, "T": -0.0323624599464498, "BKR": -0.0080617993761426, "BAC": -0.05477479127076295, "CCL": 0.17151898768559, "CNP": -0.01685990379914781, "CFG": -0.1126816221674805, "CTRA": -0.03583475573674117, "DXC": -0.010444891828984984, "FITB": -0.034064169956855385, "F": 0.019971517653585773, "BEN": -0.03290247277695086, "GEN": -0.0062112149089836016, "PEAK": -0.07368967527563514, "HPE": 0.04418889077981693, "HST": -0.09174875567227757, "HPQ": -0.006416704586036431, "HBAN": -0.07247794009337415, "IVZ": -0.008119872511437242, "JNPR": -0.00936144059090439, "KEY": -0.1422459753415531, "KIM": -0.05320301510191423, "KMI": -0.04350496354766852, "LNC": 0.028595470375981074, "MRO": -0.0728928664468451, "NWL": -0.08025473187992961, "NWSA": -0.02398714552775045, "NWS": -0.022105267173365542, "NI": -0.01384733715350338, "NCLH": 0.11494843227245748, "OGN": 0.020256909686193085, "PARA": -0.04817713159718658, "PCG": 0.0005920798841452232, "PPL": -0.01667932327731093, "RF": -0.08967542666655563, "TFC": -0.08766670227050781, "VFC": -0.048272138793881834, "VTRS": 0.0389344370419603, "WBD": -0.17387618298284252, "WRK": -0.08740363966674423, "ZION": -0.16052633069653144}